<code_scheme name="Connexo" version="173">
  <option name="RIGHT_MARGIN" value="150" />
  <JavaCodeStyleSettings>
    <option name="CLASS_COUNT_TO_USE_IMPORT_ON_DEMAND" value="3000" />
    <option name="NAMES_COUNT_TO_USE_IMPORT_ON_DEMAND" value="3000" />
    <option name="IMPORT_LAYOUT_TABLE">
      <value>
        <package name="com.elster.jupiter" withSubpackages="true" static="false" />
        <package name="com.elster.insight" withSubpackages="true" static="false" />
        <package name="com.energyict.mdc" withSubpackages="true" static="false" />
        <package name="com.energyict.protocols" withSubpackages="true" static="false" />
        <emptyLine />
        <package name="" withSubpackages="true" static="false" />
        <emptyLine />
        <package name="javax" withSubpackages="true" static="false" />
        <package name="java" withSubpackages="true" static="false" />
        <emptyLine />
        <package name="org.assertj" withSubpackages="true" static="false" />
        <package name="org.junit" withSubpackages="true" static="false" />
        <package name="org.mockito" withSubpackages="true" static="false" />
        <emptyLine />
        <package name="" withSubpackages="true" static="true" />
      </value>
    </option>
  </JavaCodeStyleSettings>
  <XML>
    <option name="XML_LEGACY_SETTINGS_IMPORTED" value="true" />
  </XML>
  <codeStyleSettings language="JAVA">
    <option name="THROWS_LIST_WRAP" value="5" />
    <option name="METHOD_CALL_CHAIN_WRAP" value="5" />
    <option name="IF_BRACE_FORCE" value="3" />
    <option name="DOWHILE_BRACE_FORCE" value="3" />
    <option name="WHILE_BRACE_FORCE" value="3" />
    <option name="FOR_BRACE_FORCE" value="3" />
    <arrangement>
      <groups>
        <group>
          <type>GETTERS_AND_SETTERS</type>
          <order>KEEP</order>
        </group>
        <group>
          <type>OVERRIDDEN_METHODS</type>
          <order>KEEP</order>
        </group>
      </groups>
    </arrangement>
  </codeStyleSettings>
</code_scheme>